{"cameraMode":{"drawMode":0,"name":"Shaded","section":"Shading Mode"},"sceneLighting":true,"audioPlay":false,"sceneViewState":{"showFog":true,"showMaterialUpdate":false,"showSkybox":true,"showFlares":true,"showImageEffects":true,"showParticleSystems":true},"in2DMode":false,"pivot":{"x":-9.007540702819825,"y":-3.7970290184020998,"z":8.278128623962403},"rotation":{"x":-0.01069751288741827,"y":0.9827432036399841,"z":-0.17457865178585053,"w":-0.06021788343787193},"size":6.929653167724609,"orthographic":false}