{"cameraMode":{"drawMode":0,"name":"Shaded","section":"Shading Mode"},"sceneLighting":true,"audioPlay":false,"sceneViewState":{"showFog":true,"showMaterialUpdate":false,"showSkybox":true,"showFlares":true,"showImageEffects":true,"showParticleSystems":true},"in2DMode":false,"pivot":{"x":-257.0360107421875,"y":4.2909836769104,"z":-230.42198181152345},"rotation":{"x":0.02777397446334362,"y":0.7318999171257019,"z":-0.02988530322909355,"w":0.6801980137825012},"size":1.8394861221313477,"orthographic":false}